Date,Hours,Consumption,Price,Cost
2019-01-01 , 0.0 , 9.0 , 0.091755203 , 8.257968269999999E-4
2019-01-01 , 1.0 , 9.0 , 0.091977128 , 8.27794152E-4
2019-01-01 , 2.0 , 8.0 , 0.091866654 , 7.349332320000001E-4
2019-01-01 , 3.0 , 9.0 , 0.090140346 , 8.11263114E-4
2019-01-01 , 4.0 , 9.0 , 0.085137452 , 7.662370680000001E-4
2019-01-01 , 5.0 , 9.0 , 0.081329134 , 7.31962206E-4
2019-01-01 , 6.0 , 10.0 , 0.081808664 , 8.180866399999999E-4
2019-01-01 , 7.0 , 9.0 , 0.087170902 , 7.84538118E-4
2019-01-01 , 8.0 , 9.0 , 0.0869366 , 7.824294000000001E-4
2019-01-01 , 9.0 , 9.0 , 0.084425661 , 7.598309490000001E-4
2019-01-01 , 10.0 , 8.0 , 0.084285229 , 6.74281832E-4
2019-01-01 , 11.0 , 9.0 , 0.083995393 , 7.559585370000001E-4
2019-01-01 , 12.0 , 8.0 , 0.154898938 , 0.001239191504
2019-01-01 , 13.0 , 9.0 , 0.157590698 , 0.001418316282
2019-01-01 , 14.0 , 8.0 , 0.156994841 , 0.001255958728
2019-01-01 , 15.0 , 9.0 , 0.152795908 , 0.0013751631720000002
2019-01-01 , 16.0 , 8.0 , 0.152891018 , 0.0012231281439999998
2019-01-01 , 17.0 , 8.0 , 0.155835195 , 0.00124668156
2019-01-01 , 18.0 , 9.0 , 0.159339414 , 0.001434054726
2019-01-01 , 19.0 , 8.0 , 0.158177717 , 0.001265421736
2019-01-01 , 20.0 , 8.0 , 0.15796054 , 0.0012636843200000002
2019-01-01 , 21.0 , 8.0 , 0.159251813 , 0.001274014504
2019-01-01 , 22.0 , 9.0 , 0.088739128 , 7.986521520000001E-4
2019-01-01 , 23.0 , 9.0 , 0.085887439 , 7.729869509999999E-4

2019-01-02 , 0.0 , 9.0 , 0.08255905 , 7.430314499999999E-4
2019-01-02 , 1.0 , 10.0 , 0.07451007 , 7.451007E-4
2019-01-02 , 2.0 , 9.0 , 0.070012887 , 6.30115983E-4
2019-01-02 , 3.0 , 9.0 , 0.069664795 , 6.26983155E-4
2019-01-02 , 4.0 , 9.0 , 0.067612459 , 6.08512131E-4
2019-01-02 , 5.0 , 10.0 , 0.067610439 , 6.761043899999999E-4
2019-01-02 , 6.0 , 8.0 , 0.072500163 , 5.80001304E-4
2019-01-02 , 7.0 , 19.0 , 0.077884131 , 0.001479798489
2019-01-02 , 8.0 , 124.0 , 0.080659673 , 0.010001799452
2019-01-02 , 9.0 , 82.0 , 0.081956928 , 0.006720468096
2019-01-02 , 10.0 , 165.0 , 0.080970171 , 0.013360078215
2019-01-02 , 11.0 , 86.0 , 0.078613179 , 0.006760733394000001
2019-01-02 , 12.0 , 103.0 , 0.144816453 , 0.014916094659
2019-01-02 , 13.0 , 118.0 , 0.145490308 , 0.017167856344
2019-01-02 , 14.0 , 107.0 , 0.144231499 , 0.015432770393000003
2019-01-02 , 15.0 , 9.0 , 0.143515546 , 0.0012916399139999998
2019-01-02 , 16.0 , 8.0 , 0.145083839 , 0.001160670712
2019-01-02 , 17.0 , 11.0 , 0.150517405 , 0.0016556914549999999
2019-01-02 , 18.0 , 90.0 , 0.153909924 , 0.01385189316
2019-01-02 , 19.0 , 54.0 , 0.154167748 , 0.008325058391999998
2019-01-02 , 20.0 , 6.0 , 0.152566533 , 9.15399198E-4
2019-01-02 , 21.0 , 6.0 , 0.153510507 , 9.210630419999999E-4
2019-01-02 , 22.0 , 6.0 , 0.084391099 , 5.063465940000001E-4
2019-01-02 , 23.0 , 7.0 , 0.082224328 , 5.75570296E-4

2019-01-03 , 0.0 , 6.0 , 0.082767112 , 4.96602672E-4
2019-01-03 , 1.0 , 7.0 , 0.075113907 , 5.25797349E-4
2019-01-03 , 2.0 , 6.0 , 0.071794335 , 4.3076601000000003E-4
2019-01-03 , 3.0 , 7.0 , 0.069891099 , 4.89237693E-4
2019-01-03 , 4.0 , 7.0 , 0.069786699 , 4.885068929999999E-4
2019-01-03 , 5.0 , 6.0 , 0.071699784 , 4.30198704E-4
2019-01-03 , 6.0 , 7.0 , 0.073994676 , 5.17962732E-4
2019-01-03 , 7.0 , 10.0 , 0.085244319 , 8.5244319E-4
2019-01-03 , 8.0 , 237.0 , 0.085248044 , 0.020203786427999998
2019-01-03 , 9.0 , 112.0 , 0.085269703 , 0.009550206735999999
2019-01-03 , 10.0 , 119.0 , 0.084956403 , 0.010109811957
2019-01-03 , 11.0 , 131.0 , 0.083242217 , 0.010904730427
2019-01-03 , 12.0 , 182.0 , 0.149722517 , 0.027249498094
2019-01-03 , 13.0 , 167.0 , 0.149524871 , 0.024970653457
2019-01-03 , 14.0 , 99.0 , 0.150713386 , 0.014920625214000002
2019-01-03 , 15.0 , 8.0 , 0.152278408 , 0.001218227264
2019-01-03 , 16.0 , 4.0 , 0.153395634 , 6.13582536E-4
2019-01-03 , 17.0 , 0.0 , 0.155965957 , 0.0
2019-01-03 , 18.0 , 0.0 , 0.157074442 , 0.0
2019-01-03 , 19.0 , 0.0 , 0.156496276 , 0.0
2019-01-03 , 20.0 , 0.0 , 0.153085458 , 0.0
2019-01-03 , 21.0 , 0.0 , 0.153574301 , 0.0
2019-01-03 , 22.0 , 0.0 , 0.084121614 , 0.0
2019-01-03 , 23.0 , 0.0 , 0.085112927 , 0.0

2019-01-04 , 0.0 , 0.0 , 0.087582763 , 0.0
2019-01-04 , 1.0 , 0.0 , 0.084660438 , 0.0
2019-01-04 , 2.0 , 0.0 , 0.07914817 , 0.0
2019-01-04 , 3.0 , 0.0 , 0.074873569 , 0.0
2019-01-04 , 4.0 , 0.0 , 0.074642934 , 0.0
2019-01-04 , 5.0 , 0.0 , 0.077924753 , 0.0
2019-01-04 , 6.0 , 0.0 , 0.081854886 , 0.0
2019-01-04 , 7.0 , 28.0 , 0.086860342 , 0.0024320895759999996
2019-01-04 , 8.0 , 184.0 , 0.086208253 , 0.015862318551999998
2019-01-04 , 9.0 , 227.0 , 0.088902098 , 0.020180776246
2019-01-04 , 10.0 , 266.0 , 0.086703025 , 0.02306300465
2019-01-04 , 11.0 , 201.0 , 0.085754848 , 0.017236724448
2019-01-04 , 12.0 , 103.0 , 0.152856172 , 0.015744185716
2019-01-04 , 13.0 , 116.0 , 0.15217968 , 0.017652842880000002
2019-01-04 , 14.0 , 61.0 , 0.15273318 , 0.009316723979999999
2019-01-04 , 15.0 , 8.0 , 0.152159632 , 0.001217277056
2019-01-04 , 16.0 , 9.0 , 0.152099656 , 0.0013688969040000002
2019-01-04 , 17.0 , 8.0 , 0.154227571 , 0.001233820568
2019-01-04 , 18.0 , 14.0 , 0.157527832 , 0.0022053896480000003
2019-01-04 , 19.0 , 8.0 , 0.158881648 , 0.001271053184
2019-01-04 , 20.0 , 9.0 , 0.158027421 , 0.001422246789
2019-01-04 , 21.0 , 8.0 , 0.154551632 , 0.001236413056
2019-01-04 , 22.0 , 8.0 , 0.08725435 , 6.980348E-4
2019-01-04 , 23.0 , 9.0 , 0.0867631 , 7.808679E-4

2019-01-05 , 0.0 , 9.0 , 0.092588018 , 8.33292162E-4
2019-01-05 , 1.0 , 10.0 , 0.090577439 , 9.057743899999999E-4
2019-01-05 , 2.0 , 9.0 , 0.089201661 , 8.02814949E-4
2019-01-05 , 3.0 , 9.0 , 0.08725521 , 7.8529689E-4
2019-01-05 , 4.0 , 9.0 , 0.085037304 , 7.653357359999999E-4
2019-01-05 , 5.0 , 10.0 , 0.082814815 , 8.2814815E-4
2019-01-05 , 6.0 , 9.0 , 0.080821179 , 7.27390611E-4
2019-01-05 , 7.0 , 8.0 , 0.082843763 , 6.627501040000001E-4
2019-01-05 , 8.0 , 49.0 , 0.078886671 , 0.003865446879
2019-01-05 , 9.0 , 34.0 , 0.08459126 , 0.0028761028400000003
2019-01-05 , 10.0 , 23.0 , 0.087419823 , 0.002010655929
2019-01-05 , 11.0 , 23.0 , 0.086193923 , 0.001982460229
2019-01-05 , 12.0 , 71.0 , 0.152810058 , 0.010849514118
2019-01-05 , 13.0 , 27.0 , 0.148584201 , 0.004011773426999999
2019-01-05 , 14.0 , 8.0 , 0.14615004 , 0.00116920032
2019-01-05 , 15.0 , 9.0 , 0.144099883 , 0.001296898947
2019-01-05 , 16.0 , 9.0 , 0.142816742 , 0.0012853506779999999
2019-01-05 , 17.0 , 9.0 , 0.153262327 , 0.001379360943
2019-01-05 , 18.0 , 8.0 , 0.155070759 , 0.001240566072
2019-01-05 , 19.0 , 9.0 , 0.154663426 , 0.0013919708339999999
2019-01-05 , 20.0 , 9.0 , 0.154065352 , 0.0013865881679999998
2019-01-05 , 21.0 , 8.0 , 0.151434909 , 0.0012114792720000001
2019-01-05 , 22.0 , 9.0 , 0.084359956 , 7.592396040000001E-4
2019-01-05 , 23.0 , 8.0 , 0.081522614 , 6.52180912E-4

2019-01-06 , 0.0 , 9.0 , 0.084325578 , 7.58930202E-4
2019-01-06 , 1.0 , 9.0 , 0.075305386 , 6.77748474E-4
2019-01-06 , 2.0 , 10.0 , 0.074412299 , 7.4412299E-4
2019-01-06 , 3.0 , 9.0 , 0.06886678 , 6.1980102E-4
2019-01-06 , 4.0 , 9.0 , 0.069300638 , 6.23705742E-4
2019-01-06 , 5.0 , 9.0 , 0.068172268 , 6.135504119999999E-4
2019-01-06 , 6.0 , 9.0 , 0.068877633 , 6.198986969999999E-4
2019-01-06 , 7.0 , 9.0 , 0.07067249 , 6.3605241E-4
2019-01-06 , 8.0 , 9.0 , 0.071749443 , 6.457449869999999E-4
2019-01-06 , 9.0 , 8.0 , 0.073560383 , 5.88483064E-4
2019-01-06 , 10.0 , 20.0 , 0.080138011 , 0.00160276022
2019-01-06 , 11.0 , 348.0 , 0.081780524 , 0.028459622351999996
2019-01-06 , 12.0 , 195.0 , 0.150378019 , 0.029323713705
2019-01-06 , 13.0 , 1084.0 , 0.151399126 , 0.16411665258400002
2019-01-06 , 14.0 , 332.0 , 0.150605849 , 0.050001141868000004
2019-01-06 , 15.0 , 8.0 , 0.144474284 , 0.0011557942720000001
2019-01-06 , 16.0 , 9.0 , 0.140359714 , 0.001263237426
2019-01-06 , 17.0 , 8.0 , 0.150467063 , 0.0012037365040000001
2019-01-06 , 18.0 , 9.0 , 0.154139162 , 0.0013872524579999997
2019-01-06 , 19.0 , 9.0 , 0.153733812 , 0.001383604308
2019-01-06 , 20.0 , 16.0 , 0.152186222 , 0.0024349795520000003
2019-01-06 , 21.0 , 9.0 , 0.154606222 , 0.001391455998
2019-01-06 , 22.0 , 8.0 , 0.086152373 , 6.89218984E-4
2019-01-06 , 23.0 , 9.0 , 0.083777819 , 7.54000371E-4

2019-01-07 , 0.0 , 10.0 , 0.080113361 , 8.011336099999999E-4
2019-01-07 , 1.0 , 9.0 , 0.074170909 , 6.67538181E-4
2019-01-07 , 2.0 , 9.0 , 0.072421575 , 6.51794175E-4
2019-01-07 , 3.0 , 10.0 , 0.07169918 , 7.169918E-4
2019-01-07 , 4.0 , 9.0 , 0.071218399 , 6.409655910000001E-4
2019-01-07 , 5.0 , 9.0 , 0.071154818 , 6.403933619999999E-4
2019-01-07 , 6.0 , 10.0 , 0.075839459 , 7.583945899999999E-4
2019-01-07 , 7.0 , 13.0 , 0.088107508 , 0.001145397604
2019-01-07 , 8.0 , 123.0 , 0.08560578 , 0.010529510940000002
2019-01-07 , 9.0 , 60.0 , 0.085493453 , 0.00512960718
2019-01-07 , 10.0 , 114.0 , 0.084816391 , 0.009669068574000001
2019-01-07 , 11.0 , 20.0 , 0.084192915 , 0.0016838582999999998
2019-01-07 , 12.0 , 30.0 , 0.151595213 , 0.00454785639
2019-01-07 , 13.0 , 52.0 , 0.151402826 , 0.007872946952
2019-01-07 , 14.0 , 72.0 , 0.149273227 , 0.010747672344000002
2019-01-07 , 15.0 , 8.0 , 0.147836648 , 0.001182693184
2019-01-07 , 16.0 , 9.0 , 0.145035724 , 0.001305321516
2019-01-07 , 17.0 , 9.0 , 0.150154518 , 0.0013513906619999998
2019-01-07 , 18.0 , 9.0 , 0.154008409 , 0.0013860756810000002
2019-01-07 , 19.0 , 8.0 , 0.15440704 , 0.00123525632
2019-01-07 , 20.0 , 8.0 , 0.153459817 , 0.001227678536
2019-01-07 , 21.0 , 8.0 , 0.152197081 , 0.0012175766480000002
2019-01-07 , 22.0 , 8.0 , 0.080356698 , 6.42853584E-4
2019-01-07 , 23.0 , 9.0 , 0.07842445 , 7.0582005E-4

2019-01-08 , 0.0 , 9.0 , 0.079123282 , 7.12109538E-4
2019-01-08 , 1.0 , 10.0 , 0.073290972 , 7.3290972E-4
2019-01-08 , 2.0 , 9.0 , 0.071002575 , 6.390231749999999E-4
2019-01-08 , 3.0 , 9.0 , 0.069899323 , 6.29093907E-4
2019-01-08 , 4.0 , 9.0 , 0.069676943 , 6.270924870000001E-4
2019-01-08 , 5.0 , 9.0 , 0.070157871 , 6.314208390000001E-4
2019-01-08 , 6.0 , 8.0 , 0.073886238 , 5.91089904E-4
2019-01-08 , 7.0 , 24.0 , 0.084439454 , 0.002026546896
2019-01-08 , 8.0 , 125.0 , 0.083409002 , 0.01042612525
2019-01-08 , 9.0 , 1164.0 , 0.084060044 , 0.097845891216
2019-01-08 , 10.0 , 1164.0 , 0.084354544 , 0.098188689216
2019-01-08 , 11.0 , 1167.0 , 0.083591584 , 0.097551378528
2019-01-08 , 12.0 , 201.0 , 0.150813735 , 0.030313560734999998
2019-01-08 , 13.0 , 438.0 , 0.151190143 , 0.06622128263400001
2019-01-08 , 14.0 , 449.0 , 0.148511542 , 0.066681682358
2019-01-08 , 15.0 , 487.0 , 0.146153553 , 0.071176780311
2019-01-08 , 16.0 , 34.0 , 0.142664925 , 0.00485060745
2019-01-08 , 17.0 , 115.0 , 0.150877426 , 0.017350903990000003
2019-01-08 , 18.0 , 363.0 , 0.15398451 , 0.05589637713
2019-01-08 , 19.0 , 126.0 , 0.154496474 , 0.019466555724
2019-01-08 , 20.0 , 47.0 , 0.152930443 , 0.007187730821
2019-01-08 , 21.0 , 13.0 , 0.152824174 , 0.001986714262
2019-01-08 , 22.0 , 13.0 , 0.081824814 , 0.001063722582
2019-01-08 , 23.0 , 14.0 , 0.076489052 , 0.001070846728

2019-01-09 , 0.0 , 9.0 , 0.072569642 , 6.531267780000001E-4
2019-01-09 , 1.0 , 8.0 , 0.070966845 , 5.6773476E-4
2019-01-09 , 2.0 , 9.0 , 0.067030275 , 6.03272475E-4
2019-01-09 , 3.0 , 9.0 , 0.067685415 , 6.09168735E-4
2019-01-09 , 4.0 , 9.0 , 0.067539503 , 6.07855527E-4
2019-01-09 , 5.0 , 9.0 , 0.067828209 , 6.10453881E-4
2019-01-09 , 6.0 , 9.0 , 0.071416311 , 6.42746799E-4
2019-01-09 , 7.0 , 8.0 , 0.081760081 , 6.54080648E-4
2019-01-09 , 8.0 , 76.0 , 0.083202185 , 0.006323366059999999
2019-01-09 , 9.0 , 106.0 , 0.082798048 , 0.008776593088
2019-01-09 , 10.0 , 98.0 , 0.082362939 , 0.008071568021999998
2019-01-09 , 11.0 , 97.0 , 0.082091751 , 0.007962899847
2019-01-09 , 12.0 , 55.0 , 0.147152729 , 0.008093400095
2019-01-09 , 13.0 , 34.0 , 0.146408236 , 0.004977880024
2019-01-09 , 14.0 , 45.0 , 0.144018121 , 0.006480815445
2019-01-09 , 15.0 , 10.0 , 0.141080776 , 0.00141080776
2019-01-09 , 16.0 , 10.0 , 0.144147103 , 0.00144147103
2019-01-09 , 17.0 , 235.0 , 0.150221241 , 0.035301991635
2019-01-09 , 18.0 , 363.0 , 0.152061396 , 0.055198286747999994
2019-01-09 , 19.0 , 567.0 , 0.152941963 , 0.08671809302099999
2019-01-09 , 20.0 , 32.0 , 0.150948563 , 0.004830354016
2019-01-09 , 21.0 , 8.0 , 0.149671433 , 0.001197371464
2019-01-09 , 22.0 , 9.0 , 0.080433002 , 7.238970180000001E-4
2019-01-09 , 23.0 , 9.0 , 0.071886784 , 6.46981056E-4

2019-01-10 , 0.0 , 9.0 , 0.077132426 , 6.941918340000001E-4
2019-01-10 , 1.0 , 9.0 , 0.068076288 , 6.12686592E-4
2019-01-10 , 2.0 , 9.0 , 0.068860677 , 6.19746093E-4
2019-01-10 , 3.0 , 9.0 , 0.066084627 , 5.94761643E-4
2019-01-10 , 4.0 , 9.0 , 0.065656533 , 5.90908797E-4
2019-01-10 , 5.0 , 9.0 , 0.066710823 , 6.00397407E-4
2019-01-10 , 6.0 , 8.0 , 0.074803146 , 5.98425168E-4
2019-01-10 , 7.0 , 9.0 , 0.083429077 , 7.508616930000001E-4
2019-01-10 , 8.0 , 43.0 , 0.082689794 , 0.0035556611419999998
2019-01-10 , 9.0 , 71.0 , 0.082888259 , 0.005885066389
2019-01-10 , 10.0 , 48.0 , 0.082309539 , 0.003950857872
2019-01-10 , 11.0 , 43.0 , 0.081555222 , 0.0035068745459999997
2019-01-10 , 12.0 , 65.0 , 0.147915689 , 0.009614519785
2019-01-10 , 13.0 , 48.0 , 0.148157213 , 0.007111546224000001
2019-01-10 , 14.0 , 36.0 , 0.146722516 , 0.0052820105760000005
2019-01-10 , 15.0 , 26.0 , 0.146404288 , 0.003806511488
2019-01-10 , 16.0 , 26.0 , 0.14774368 , 0.00384133568
2019-01-10 , 17.0 , 30.0 , 0.150452857 , 0.00451358571
2019-01-10 , 18.0 , 49.0 , 0.152655751 , 0.007480131799000001
2019-01-10 , 19.0 , 112.0 , 0.153633976 , 0.017207005312
2019-01-10 , 20.0 , 9.0 , 0.154419826 , 0.0013897784340000002
2019-01-10 , 21.0 , 9.0 , 0.153028469 , 0.001377256221
2019-01-10 , 22.0 , 10.0 , 0.083143734 , 8.314373399999999E-4
2019-01-10 , 23.0 , 10.0 , 0.080740943 , 8.074094299999999E-4

2019-01-11 , 0.0 , 9.0 , 0.079327675 , 7.139490750000001E-4
2019-01-11 , 1.0 , 10.0 , 0.073892854 , 7.389285399999999E-4
2019-01-11 , 2.0 , 10.0 , 0.070464323 , 7.0464323E-4
2019-01-11 , 3.0 , 9.0 , 0.068419374 , 6.15774366E-4
2019-01-11 , 4.0 , 10.0 , 0.067315194 , 6.731519399999999E-4
2019-01-11 , 5.0 , 9.0 , 0.068859817 , 6.19738353E-4
2019-01-11 , 6.0 , 9.0 , 0.075970611 , 6.837354989999999E-4
2019-01-11 , 7.0 , 9.0 , 0.08612038 , 7.750834199999999E-4
2019-01-11 , 8.0 , 10.0 , 0.084878291 , 8.487829099999999E-4
2019-01-11 , 9.0 , 9.0 , 0.084782423 , 7.63041807E-4
2019-01-11 , 10.0 , 10.0 , 0.08412373 , 8.412373E-4
2019-01-11 , 11.0 , 9.0 , 0.082753248 , 7.447792319999999E-4
2019-01-11 , 12.0 , 10.0 , 0.150154522 , 0.0015015452200000002
2019-01-11 , 13.0 , 9.0 , 0.149790265 , 0.001348112385
2019-01-11 , 14.0 , 10.0 , 0.150829852 , 0.0015082985199999998
2019-01-11 , 15.0 , 9.0 , 0.149103208 , 0.001341928872
2019-01-11 , 16.0 , 166.0 , 0.149365456 , 0.024794665696
2019-01-11 , 17.0 , 509.0 , 0.151465156 , 0.077095764404
2019-01-11 , 18.0 , 798.0 , 0.153780948 , 0.122717196504
2019-01-11 , 19.0 , 504.0 , 0.154463416 , 0.07784956166399999
2019-01-11 , 20.0 , 35.0 , 0.153942954 , 0.00538800339
2019-01-11 , 21.0 , 8.0 , 0.152587997 , 0.001220703976
2019-01-11 , 22.0 , 9.0 , 0.0841438 , 7.572942E-4
2019-01-11 , 23.0 , 9.0 , 0.081896553 , 7.37068977E-4

2019-01-12 , 0.0 , 10.0 , 0.087355058 , 8.735505799999999E-4
2019-01-12 , 1.0 , 9.0 , 0.079317659 , 7.13858931E-4
2019-01-12 , 2.0 , 10.0 , 0.072448647 , 7.2448647E-4
2019-01-12 , 3.0 , 10.0 , 0.0700699 , 7.00699E-4
2019-01-12 , 4.0 , 10.0 , 0.069943093 , 6.9943093E-4
2019-01-12 , 5.0 , 10.0 , 0.069834627 , 6.9834627E-4
2019-01-12 , 6.0 , 9.0 , 0.07059168 , 6.353251200000001E-4
2019-01-12 , 7.0 , 10.0 , 0.075817898 , 7.5817898E-4
2019-01-12 , 8.0 , 9.0 , 0.081739873 , 7.35658857E-4
2019-01-12 , 9.0 , 10.0 , 0.085484464 , 8.548446399999999E-4
2019-01-12 , 10.0 , 228.0 , 0.085470573 , 0.019487290643999997
2019-01-12 , 11.0 , 791.0 , 0.084115873 , 0.06653565554299999
2019-01-12 , 12.0 , 758.0 , 0.149539416 , 0.113350877328
2019-01-12 , 13.0 , 89.0 , 0.151471381 , 0.013480952909
2019-01-12 , 14.0 , 0.0 , 0.150060359 , 0.0
2019-01-12 , 15.0 , 0.0 , 0.144905083 , 0.0
2019-01-12 , 16.0 , 0.0 , 0.142134203 , 0.0
2019-01-12 , 17.0 , 0.0 , 0.144565357 , 0.0
2019-01-12 , 18.0 , 0.0 , 0.154495497 , 0.0
2019-01-12 , 19.0 , 46.0 , 0.155484031 , 0.007152265426
2019-01-12 , 20.0 , 40.0 , 0.156191322 , 0.006247652879999999
2019-01-12 , 21.0 , 9.0 , 0.156427043 , 0.0014078433869999997
2019-01-12 , 22.0 , 9.0 , 0.087804472 , 7.902402479999999E-4
2019-01-12 , 23.0 , 96.0 , 0.08691092 , 0.00834344832

2019-01-13 , 0.0 , 446.0 , 0.07668049 , 0.03419949854
2019-01-13 , 1.0 , 928.0 , 0.07178119 , 0.06661294431999999
2019-01-13 , 2.0 , 54.0 , 0.070348104 , 0.0037987976159999997
2019-01-13 , 3.0 , 19.0 , 0.06973198 , 0.00132490762
2019-01-13 , 4.0 , 15.0 , 0.069678953 , 0.0010451842950000001
2019-01-13 , 5.0 , 14.0 , 0.069522414 , 9.73313796E-4
2019-01-13 , 6.0 , 13.0 , 0.069810559 , 9.075372669999999E-4
2019-01-13 , 7.0 , 13.0 , 0.070419446 , 9.15452798E-4
2019-01-13 , 8.0 , 13.0 , 0.07005915 , 9.107689500000001E-4
2019-01-13 , 9.0 , 12.0 , 0.070553269 , 8.46639228E-4
2019-01-13 , 10.0 , 12.0 , 0.079477402 , 9.53728824E-4
2019-01-13 , 11.0 , 12.0 , 0.079650282 , 9.55803384E-4
2019-01-13 , 12.0 , 12.0 , 0.14857914 , 0.00178294968
2019-01-13 , 13.0 , 12.0 , 0.152497174 , 0.0018299660880000002
2019-01-13 , 14.0 , 12.0 , 0.152658179 , 0.001831898148
2019-01-13 , 15.0 , 12.0 , 0.150331009 , 0.001803972108
2019-01-13 , 16.0 , 11.0 , 0.147129686 , 0.001618426546
2019-01-13 , 17.0 , 12.0 , 0.150962383 , 0.0018115485960000003
2019-01-13 , 18.0 , 12.0 , 0.154851852 , 0.001858222224
2019-01-13 , 19.0 , 15.0 , 0.156743082 , 0.00235114623
2019-01-13 , 20.0 , 69.0 , 0.158709332 , 0.010950943908000001
2019-01-13 , 21.0 , 513.0 , 0.158769832 , 0.08144892381600001
2019-01-13 , 22.0 , 1752.0 , 0.08843069 , 0.15493056888
2019-01-13 , 23.0 , 1041.0 , 0.086224547 , 0.08975975342699999

2019-01-14 , 0.0 , 422.0 , 0.079104262 , 0.033381998564
2019-01-14 , 1.0 , 12.0 , 0.070679449 , 8.481533880000001E-4
2019-01-14 , 2.0 , 13.0 , 0.069919543 , 9.08954059E-4
2019-01-14 , 3.0 , 12.0 , 0.069352298 , 8.32227576E-4
2019-01-14 , 4.0 , 13.0 , 0.068778559 , 8.94121267E-4
2019-01-14 , 5.0 , 12.0 , 0.069527258 , 8.34327096E-4
2019-01-14 , 6.0 , 12.0 , 0.074389761 , 8.926771319999999E-4
2019-01-14 , 7.0 , 14.0 , 0.08455708 , 0.0011837991200000003
2019-01-14 , 8.0 , 12.0 , 0.08340341 , 0.0010008409199999998
2019-01-14 , 9.0 , 131.0 , 0.083109449 , 0.010887337819
2019-01-14 , 10.0 , 12.0 , 0.081749212 , 9.80990544E-4
2019-01-14 , 11.0 , 12.0 , 0.081312172 , 9.75746064E-4
2019-01-14 , 12.0 , 12.0 , 0.148906345 , 0.00178687614
2019-01-14 , 13.0 , 12.0 , 0.14813495 , 0.0017776194
2019-01-14 , 14.0 , 16.0 , 0.146002871 , 0.0023360459360000003
2019-01-14 , 15.0 , 86.0 , 0.144360042 , 0.012414963611999999
2019-01-14 , 16.0 , 16.0 , 0.144644109 , 0.002314305744
2019-01-14 , 17.0 , 12.0 , 0.150414759 , 0.0018049771080000001
2019-01-14 , 18.0 , 29.0 , 0.154731329 , 0.004487208541
2019-01-14 , 19.0 , 419.0 , 0.156311992 , 0.065494724648
2019-01-14 , 20.0 , 547.0 , 0.156084137 , 0.085378022939
2019-01-14 , 21.0 , 1247.0 , 0.154978066 , 0.193257648302
2019-01-14 , 22.0 , 1532.0 , 0.085680093 , 0.13126190247599998
2019-01-14 , 23.0 , 692.0 , 0.082676425 , 0.057212086100000004

2019-01-15 , 0.0 , 792.0 , 0.078508416 , 0.062178665471999996
2019-01-15 , 1.0 , 168.0 , 0.074254004 , 0.012474672672
2019-01-15 , 2.0 , 46.0 , 0.072719997 , 0.0033451198619999997
2019-01-15 , 3.0 , 28.0 , 0.072779195 , 0.0020378174600000003
2019-01-15 , 4.0 , 31.0 , 0.072862253 , 0.0022587298430000002
2019-01-15 , 5.0 , 31.0 , 0.07548394 , 0.00234000214
2019-01-15 , 6.0 , 30.0 , 0.084653434 , 0.00253960302
2019-01-15 , 7.0 , 192.0 , 0.088302254 , 0.016954032767999998
2019-01-15 , 8.0 , 26.0 , 0.087672114 , 0.0022794749639999997
2019-01-15 , 9.0 , 151.0 , 0.087052544 , 0.013144934143999998
2019-01-15 , 10.0 , 30.0 , 0.087840598 , 0.00263521794
2019-01-15 , 11.0 , 20.0 , 0.08679265 , 0.001735853
2019-01-15 , 12.0 , 31.0 , 0.152102283 , 0.004715170773
2019-01-15 , 13.0 , 28.0 , 0.152411871 , 0.004267532388
2019-01-15 , 14.0 , 584.0 , 0.152334349 , 0.088963259816
2019-01-15 , 15.0 , 111.0 , 0.15247522 , 0.01692474942
2019-01-15 , 16.0 , 115.0 , 0.15248699 , 0.01753600385
2019-01-15 , 17.0 , 41.0 , 0.156973326 , 0.006435906366
2019-01-15 , 18.0 , 30.0 , 0.16220838 , 0.0048662514
2019-01-15 , 19.0 , 137.0 , 0.163150334 , 0.022351595758
2019-01-15 , 20.0 , 206.0 , 0.161486339 , 0.033266185834
2019-01-15 , 21.0 , 284.0 , 0.160729776 , 0.045647256383999996
2019-01-15 , 22.0 , 1845.0 , 0.090964454 , 0.16782941763
2019-01-15 , 23.0 , 859.0 , 0.088922452 , 0.076384386268

2019-01-16 , 0.0 , 544.0 , 0.09043265 , 0.0491953616
2019-01-16 , 1.0 , 46.0 , 0.08880207 , 0.00408489522
2019-01-16 , 2.0 , 45.0 , 0.085988607 , 0.0038694873149999996
2019-01-16 , 3.0 , 43.0 , 0.083397267 , 0.0035860824810000002
2019-01-16 , 4.0 , 48.0 , 0.080046075 , 0.0038422115999999997
2019-01-16 , 5.0 , 34.0 , 0.082917409 , 0.002819191906
2019-01-16 , 6.0 , 48.0 , 0.086075292 , 0.004131614016
2019-01-16 , 7.0 , 256.0 , 0.088537787 , 0.022665673472000002
2019-01-16 , 8.0 , 35.0 , 0.087909329 , 0.0030768265149999996
2019-01-16 , 9.0 , 114.0 , 0.088267008 , 0.010062438912
2019-01-16 , 10.0 , 30.0 , 0.087506583 , 0.0026251974900000003
2019-01-16 , 11.0 , 31.0 , 0.086181891 , 0.002671638621
2019-01-16 , 12.0 , 30.0 , 0.152222945 , 0.00456668835
2019-01-16 , 13.0 , 27.0 , 0.152386358 , 0.004114431666
2019-01-16 , 14.0 , 26.0 , 0.151356925 , 0.00393528005
2019-01-16 , 15.0 , 325.0 , 0.151200106 , 0.04914003445
2019-01-16 , 16.0 , 868.0 , 0.151095535 , 0.13115092438
2019-01-16 , 17.0 , 888.0 , 0.152374843 , 0.135308860584
2019-01-16 , 18.0 , 181.0 , 0.157819374 , 0.028565306694000005
2019-01-16 , 19.0 , 564.0 , 0.158967664 , 0.089657762496
2019-01-16 , 20.0 , 670.0 , 0.1585979 , 0.10626059300000001
2019-01-16 , 21.0 , 667.0 , 0.160862966 , 0.107295598322
2019-01-16 , 22.0 , 1207.0 , 0.089606855 , 0.108155473985
2019-01-16 , 23.0 , 874.0 , 0.088234825 , 0.07711723705

2019-01-17 , 0.0 , 191.0 , 0.087065176 , 0.016629448616
2019-01-17 , 1.0 , 71.0 , 0.085620909 , 0.006079084538999999
2019-01-17 , 2.0 , 43.0 , 0.077880153 , 0.003348846579
2019-01-17 , 3.0 , 31.0 , 0.073285641 , 0.002271854871
2019-01-17 , 4.0 , 34.0 , 0.070015755 , 0.00238053567
2019-01-17 , 5.0 , 42.0 , 0.071772191 , 0.003014432022
2019-01-17 , 6.0 , 393.0 , 0.078068616 , 0.030680966087999997
2019-01-17 , 7.0 , 352.0 , 0.084623467 , 0.029787460384
2019-01-17 , 8.0 , 430.0 , 0.083363669 , 0.035846377670000006
2019-01-17 , 9.0 , 202.0 , 0.082661508 , 0.016697624616
2019-01-17 , 10.0 , 40.0 , 0.082321793 , 0.00329287172
2019-01-17 , 11.0 , 358.0 , 0.081759267 , 0.029269817586
2019-01-17 , 12.0 , 124.0 , 0.148736449 , 0.018443319676
2019-01-17 , 13.0 , 151.0 , 0.148958303 , 0.022492703753
2019-01-17 , 14.0 , 575.0 , 0.147446746 , 0.08478187894999999
2019-01-17 , 15.0 , 34.0 , 0.147813136 , 0.005025646624
2019-01-17 , 16.0 , 35.0 , 0.149296143 , 0.005225365005
2019-01-17 , 17.0 , 27.0 , 0.15128686 , 0.00408474522
2019-01-17 , 18.0 , 29.0 , 0.15600232 , 0.004524067279999999
2019-01-17 , 19.0 , 1442.0 , 0.159037801 , 0.229332509042
2019-01-17 , 20.0 , 715.0 , 0.156234898 , 0.11170795207
2019-01-17 , 21.0 , 389.0 , 0.155397332 , 0.060449562148
2019-01-17 , 22.0 , 680.0 , 0.086523974 , 0.05883630232
2019-01-17 , 23.0 , 823.0 , 0.086495759 , 0.071186009657

2019-01-18 , 0.0 , 183.0 , 0.088147759 , 0.016131039897000002
2019-01-18 , 1.0 , 31.0 , 0.086338117 , 0.002676481627
2019-01-18 , 2.0 , 32.0 , 0.081110655 , 0.00259554096
2019-01-18 , 3.0 , 31.0 , 0.077614899 , 0.002406061869
2019-01-18 , 4.0 , 27.0 , 0.076669654 , 0.002070080658
2019-01-18 , 5.0 , 21.0 , 0.079868768 , 0.0016772441280000002
2019-01-18 , 6.0 , 33.0 , 0.085172329 , 0.0028106868570000002
2019-01-18 , 7.0 , 181.0 , 0.08996494 , 0.01628365414
2019-01-18 , 8.0 , 35.0 , 0.089727346 , 0.0031404571099999997
2019-01-18 , 9.0 , 163.0 , 0.088992899 , 0.014505842537
2019-01-18 , 10.0 , 34.0 , 0.088849267 , 0.003020875078
2019-01-18 , 11.0 , 33.0 , 0.086812128 , 0.0028648002240000002
2019-01-18 , 12.0 , 33.0 , 0.152466902 , 0.0050314077659999994
2019-01-18 , 13.0 , 34.0 , 0.151446895 , 0.005149194429999999
2019-01-18 , 14.0 , 88.0 , 0.150567324 , 0.013249924512
2019-01-18 , 15.0 , 839.0 , 0.151825648 , 0.12738171867200002
2019-01-18 , 16.0 , 602.0 , 0.15281584 , 0.09199513568
2019-01-18 , 17.0 , 676.0 , 0.153906169 , 0.10404057024400001
2019-01-18 , 18.0 , 61.0 , 0.154970528 , 0.009453202208
2019-01-18 , 19.0 , 44.0 , 0.158606464 , 0.006978684416
2019-01-18 , 20.0 , 909.0 , 0.158184105 , 0.143789351445
2019-01-18 , 21.0 , 803.0 , 0.155441573 , 0.124819583119
2019-01-18 , 22.0 , 206.0 , 0.086840775 , 0.01788919965
2019-01-18 , 23.0 , 630.0 , 0.087309023 , 0.055004684490000004

2019-01-19 , 0.0 , 164.0 , 0.090302153 , 0.014809553092
2019-01-19 , 1.0 , 33.0 , 0.088584189 , 0.002923278237
2019-01-19 , 2.0 , 32.0 , 0.083915823 , 0.002685306336
2019-01-19 , 3.0 , 32.0 , 0.07846189 , 0.00251078048
2019-01-19 , 4.0 , 29.0 , 0.074349418 , 0.002156133122
2019-01-19 , 5.0 , 21.0 , 0.075457023 , 0.0015845974830000001
2019-01-19 , 6.0 , 33.0 , 0.07696353 , 0.00253979649
2019-01-19 , 7.0 , 32.0 , 0.082241783 , 0.002631737056
2019-01-19 , 8.0 , 71.0 , 0.084202465 , 0.0059783750150000006
2019-01-19 , 9.0 , 494.0 , 0.087210708 , 0.043082089752
2019-01-19 , 10.0 , 356.0 , 0.086019123 , 0.030622807788
2019-01-19 , 11.0 , 82.0 , 0.085586723 , 0.007018111286
2019-01-19 , 12.0 , 4.0 , 0.152700676 , 6.10802704E-4
2019-01-19 , 13.0 , 39.0 , 0.149660266 , 0.005836750373999999
2019-01-19 , 14.0 , 1906.0 , 0.149875076 , 0.285661894856
2019-01-19 , 15.0 , 2154.0 , 0.147939223 , 0.318661086342
2019-01-19 , 16.0 , 1026.0 , 0.149460203 , 0.15334616827800002
2019-01-19 , 17.0 , 597.0 , 0.153126247 , 0.09141636945899999
2019-01-19 , 18.0 , 645.0 , 0.155659287 , 0.100400240115
2019-01-19 , 19.0 , 69.0 , 0.156854116 , 0.010822934004
2019-01-19 , 20.0 , 144.0 , 0.153917732 , 0.022164153408
2019-01-19 , 21.0 , 248.0 , 0.153152096 , 0.037981719808
2019-01-19 , 22.0 , 1829.0 , 0.085193496 , 0.155818904184
2019-01-19 , 23.0 , 603.0 , 0.082800836 , 0.04992890410800001

2019-01-20 , 0.0 , 274.0 , 0.086838026 , 0.023793619124
2019-01-20 , 1.0 , 56.0 , 0.083477383 , 0.004674733448
2019-01-20 , 2.0 , 46.0 , 0.080369374 , 0.003696991204
2019-01-20 , 3.0 , 52.0 , 0.07375198 , 0.0038351029599999996
2019-01-20 , 4.0 , 44.0 , 0.070446392 , 0.0030996412479999996
2019-01-20 , 5.0 , 42.0 , 0.070580248 , 0.002964370416
2019-01-20 , 6.0 , 48.0 , 0.070755415 , 0.0033962599200000002
2019-01-20 , 7.0 , 291.0 , 0.07344647 , 0.02137292277
2019-01-20 , 8.0 , 123.0 , 0.072297234 , 0.008892559782
2019-01-20 , 9.0 , 326.0 , 0.082095503 , 0.026763133978
2019-01-20 , 10.0 , 857.0 , 0.085406629 , 0.073193481053
2019-01-20 , 11.0 , 760.0 , 0.084133294 , 0.06394130344
2019-01-20 , 12.0 , 784.0 , 0.151436968 , 0.118726582912
2019-01-20 , 13.0 , 89.0 , 0.14853423 , 0.01321954647
2019-01-20 , 14.0 , 56.0 , 0.143965313 , 0.008062057528
2019-01-20 , 15.0 , 107.0 , 0.140941384 , 0.015080728088000001
2019-01-20 , 16.0 , 489.0 , 0.143931052 , 0.070382284428
2019-01-20 , 17.0 , 574.0 , 0.153698843 , 0.088223135882
2019-01-20 , 18.0 , 287.0 , 0.156104202 , 0.044801905974
2019-01-20 , 19.0 , 94.0 , 0.158487902 , 0.014897862788000002
2019-01-20 , 20.0 , 541.0 , 0.158058352 , 0.08550956843200001
2019-01-20 , 21.0 , 1118.0 , 0.155772662 , 0.17415383611600002
2019-01-20 , 22.0 , 461.0 , 0.086375669 , 0.039819183409
2019-01-20 , 23.0 , 178.0 , 0.082513715 , 0.01468744127

2019-01-21 , 0.0 , 47.0 , 0.074120283 , 0.003483653301
2019-01-21 , 1.0 , 41.0 , 0.071875399 , 0.0029468913590000004
2019-01-21 , 2.0 , 41.0 , 0.070890695 , 0.002906518495
2019-01-21 , 3.0 , 39.0 , 0.070044742 , 0.0027317449379999996
2019-01-21 , 4.0 , 41.0 , 0.069676755 , 0.0028567469550000004
2019-01-21 , 5.0 , 42.0 , 0.071493398 , 0.003002722716
2019-01-21 , 6.0 , 346.0 , 0.083400606 , 0.028856609676
2019-01-21 , 7.0 , 277.0 , 0.087154474 , 0.024141789298
2019-01-21 , 8.0 , 94.0 , 0.08670753 , 0.00815050782
2019-01-21 , 9.0 , 167.0 , 0.087548125 , 0.014620536875000001
2019-01-21 , 10.0 , 36.0 , 0.086906683 , 0.003128640588
2019-01-21 , 11.0 , 38.0 , 0.085383637 , 0.0032445782059999997
2019-01-21 , 12.0 , 38.0 , 0.152288256 , 0.005786953728000001
2019-01-21 , 13.0 , 38.0 , 0.15122681 , 0.00574661878
2019-01-21 , 14.0 , 643.0 , 0.150785127 , 0.096954836661
2019-01-21 , 15.0 , 850.0 , 0.151208044 , 0.1285268374
2019-01-21 , 16.0 , 20.0 , 0.151302733 , 0.0030260546599999998
2019-01-21 , 17.0 , 2.0 , 0.153010167 , 3.06020334E-4
2019-01-21 , 18.0 , 71.0 , 0.155429763 , 0.011035513173
2019-01-21 , 19.0 , 114.0 , 0.158657992 , 0.018087011088
2019-01-21 , 20.0 , 566.0 , 0.160085517 , 0.090608402622
2019-01-21 , 21.0 , 757.0 , 0.156440614 , 0.11842554479800001
2019-01-21 , 22.0 , 574.0 , 0.086406588 , 0.04959738151200001
2019-01-21 , 23.0 , 604.0 , 0.084415396 , 0.050986899184000005

2019-01-22 , 0.0 , 55.0 , 0.083280156 , 0.00458040858
2019-01-22 , 1.0 , 42.0 , 0.077035174 , 0.003235477308
2019-01-22 , 2.0 , 41.0 , 0.074848314 , 0.0030687808739999997
2019-01-22 , 3.0 , 42.0 , 0.070625251 , 0.002966260542
2019-01-22 , 4.0 , 41.0 , 0.069846349 , 0.002863700309
2019-01-22 , 5.0 , 38.0 , 0.072265983 , 0.002746107354
2019-01-22 , 6.0 , 36.0 , 0.082311204 , 0.002963203344
2019-01-22 , 7.0 , 178.0 , 0.088302254 , 0.015717801212
2019-01-22 , 8.0 , 42.0 , 0.087408358 , 0.0036711510360000004
2019-01-22 , 9.0 , 159.0 , 0.087715169 , 0.013946711871
2019-01-22 , 10.0 , 42.0 , 0.087122518 , 0.003659145756
2019-01-22 , 11.0 , 42.0 , 0.086189014 , 0.003619938588
2019-01-22 , 12.0 , 38.0 , 0.152350215 , 0.00578930817
2019-01-22 , 13.0 , 33.0 , 0.151261391 , 0.004991625903
2019-01-22 , 14.0 , 44.0 , 0.150011809 , 0.006600519596
2019-01-22 , 15.0 , 42.0 , 0.147062197 , 0.006176612274
2019-01-22 , 16.0 , 42.0 , 0.146775009 , 0.006164550378000001
2019-01-22 , 17.0 , 42.0 , 0.147811851 , 0.006208097742
2019-01-22 , 18.0 , 32.0 , 0.151863092 , 0.004859618944
2019-01-22 , 19.0 , 593.0 , 0.153669995 , 0.09112630703499999
2019-01-22 , 20.0 , 399.0 , 0.154955465 , 0.061827230535
2019-01-22 , 21.0 , 757.0 , 0.154259378 , 0.116774349146
2019-01-22 , 22.0 , 631.0 , 0.084416254 , 0.053266656274
2019-01-22 , 23.0 , 636.0 , 0.069929562 , 0.044475201432

2019-01-23 , 0.0 , 43.0 , 0.06993761 , 0.0030073172299999998
2019-01-23 , 1.0 , 41.0 , 0.069660318 , 0.002856073038
2019-01-23 , 2.0 , 38.0 , 0.068218305 , 0.0025922955900000003
2019-01-23 , 3.0 , 32.0 , 0.067928203 , 0.002173702496
2019-01-23 , 4.0 , 41.0 , 0.067296715 , 0.0027591653149999997
2019-01-23 , 5.0 , 41.0 , 0.067622339 , 0.002772515899
2019-01-23 , 6.0 , 45.0 , 0.068224578 , 0.00307010601
2019-01-23 , 7.0 , 193.0 , 0.08073845 , 0.01558252085
2019-01-23 , 8.0 , 32.0 , 0.082595321 , 0.002643050272
2019-01-23 , 9.0 , 152.0 , 0.082605408 , 0.012556022016
2019-01-23 , 10.0 , 49.0 , 0.082226787 , 0.004029112563
2019-01-23 , 11.0 , 40.0 , 0.082068315 , 0.0032827326
2019-01-23 , 12.0 , 40.0 , 0.148513341 , 0.00594053364
2019-01-23 , 13.0 , 30.0 , 0.147337754 , 0.0044201326199999995
2019-01-23 , 14.0 , 97.0 , 0.142798485 , 0.013851453045
2019-01-23 , 15.0 , 38.0 , 0.141401356 , 0.0053732515279999995
2019-01-23 , 16.0 , 36.0 , 0.142237423 , 0.005120547228
2019-01-23 , 17.0 , 35.0 , 0.146764051 , 0.005136741785
2019-01-23 , 18.0 , 53.0 , 0.150462606 , 0.007974518118
2019-01-23 , 19.0 , 136.0 , 0.151751368 , 0.020638186048000003
2019-01-23 , 20.0 , 619.0 , 0.153310563 , 0.09489923849700001
2019-01-23 , 21.0 , 1172.0 , 0.153801599 , 0.18025547402800002
2019-01-23 , 22.0 , 995.0 , 0.084485973 , 0.084063543135
2019-01-23 , 23.0 , 119.0 , 0.069352321 , 0.008252926199

2019-01-24 , 0.0 , 155.0 , 0.068631178 , 0.01063783259
2019-01-24 , 1.0 , 44.0 , 0.067763055 , 0.0029815744200000003
2019-01-24 , 2.0 , 45.0 , 0.066764013 , 0.003004380585
2019-01-24 , 3.0 , 42.0 , 0.066242235 , 0.0027821738699999998
2019-01-24 , 4.0 , 41.0 , 0.06638307 , 0.00272170587
2019-01-24 , 5.0 , 38.0 , 0.067120338 , 0.0025505728439999997
2019-01-24 , 6.0 , 36.0 , 0.067687206 , 0.002436739416
2019-01-24 , 7.0 , 166.0 , 0.078109137 , 0.012966116742
2019-01-24 , 8.0 , 761.0 , 0.081856169 , 0.062292544609
2019-01-24 , 9.0 , 207.0 , 0.082559861 , 0.017089891226999998
2019-01-24 , 10.0 , 90.0 , 0.082434307 , 0.00741908763
2019-01-24 , 11.0 , 185.0 , 0.081646652 , 0.01510463062
2019-01-24 , 12.0 , 161.0 , 0.147422077 , 0.023734954397
2019-01-24 , 13.0 , 129.0 , 0.145846823 , 0.018814240166999997
2019-01-24 , 14.0 , 396.0 , 0.141223516 , 0.055924512336
2019-01-24 , 15.0 , 859.0 , 0.140065648 , 0.12031639163199999
2019-01-24 , 16.0 , 531.0 , 0.142473074 , 0.075653202294
2019-01-24 , 17.0 , 589.0 , 0.148488082 , 0.087459480298
2019-01-24 , 18.0 , 41.0 , 0.151715005 , 0.006220315204999999
2019-01-24 , 19.0 , 45.0 , 0.153645726 , 0.00691405767
2019-01-24 , 20.0 , 105.0 , 0.154623474 , 0.01623546477
2019-01-24 , 21.0 , 599.0 , 0.155106461 , 0.092908770139
2019-01-24 , 22.0 , 599.0 , 0.085700374 , 0.051334524026
2019-01-24 , 23.0 , 293.0 , 0.080775863 , 0.023667327859

2019-01-25 , 0.0 , 39.0 , 0.069787753 , 0.002721722367
2019-01-25 , 1.0 , 45.0 , 0.070054762 , 0.0031524642900000004
2019-01-25 , 2.0 , 44.0 , 0.069434764 , 0.003055129616
2019-01-25 , 3.0 , 35.0 , 0.069269019 , 0.002424415665
2019-01-25 , 4.0 , 39.0 , 0.069341914 , 0.0027043346460000005
2019-01-25 , 5.0 , 45.0 , 0.06940319 , 0.00312314355
2019-01-25 , 6.0 , 44.0 , 0.069621449 , 0.003063343756
2019-01-25 , 7.0 , 42.0 , 0.082428676 , 0.0034620043920000005
2019-01-25 , 8.0 , 309.0 , 0.083950253 , 0.025940628177000002
2019-01-25 , 9.0 , 235.0 , 0.084236496 , 0.019795576559999997
2019-01-25 , 10.0 , 39.0 , 0.083748865 , 0.0032662057350000004
2019-01-25 , 11.0 , 32.0 , 0.083276288 , 0.0026648412160000003
2019-01-25 , 12.0 , 42.0 , 0.149977898 , 0.0062990717160000004
2019-01-25 , 13.0 , 43.0 , 0.14904583 , 0.00640897069
2019-01-25 , 14.0 , 532.0 , 0.146296556 , 0.077829767792
2019-01-25 , 15.0 , 33.0 , 0.1449484 , 0.0047832972
2019-01-25 , 16.0 , 6.0 , 0.14654776 , 8.792865599999999E-4
2019-01-25 , 17.0 , 102.0 , 0.14896432 , 0.015194360640000001
2019-01-25 , 18.0 , 40.0 , 0.152412052 , 0.006096482079999999
2019-01-25 , 19.0 , 40.0 , 0.153687256 , 0.00614749024
2019-01-25 , 20.0 , 39.0 , 0.151966599 , 0.005926697361000001
2019-01-25 , 21.0 , 38.0 , 0.148211553 , 0.005632039014
2019-01-25 , 22.0 , 38.0 , 0.080228235 , 0.00304867293
2019-01-25 , 23.0 , 37.0 , 0.077374861 , 0.002862869857

2019-01-26 , 0.0 , 39.0 , 0.079631228 , 0.0031056178919999997
2019-01-26 , 1.0 , 202.0 , 0.072805979 , 0.014706807758000002
2019-01-26 , 2.0 , 41.0 , 0.071031369 , 0.002912286129
2019-01-26 , 3.0 , 41.0 , 0.068767674 , 0.0028194746340000003
2019-01-26 , 4.0 , 41.0 , 0.069517448 , 0.002850215368
2019-01-26 , 5.0 , 39.0 , 0.070430235 , 0.002746779165
2019-01-26 , 6.0 , 40.0 , 0.072466314 , 0.00289865256
2019-01-26 , 7.0 , 36.0 , 0.078716408 , 0.002833790688
2019-01-26 , 8.0 , 44.0 , 0.081751533 , 0.003597067452
2019-01-26 , 9.0 , 211.0 , 0.084743984 , 0.017880980624
2019-01-26 , 10.0 , 47.0 , 0.085610873 , 0.0040237110310000004
2019-01-26 , 11.0 , 40.0 , 0.085096823 , 0.00340387292
2019-01-26 , 12.0 , 48.0 , 0.151138076 , 0.0072546276480000005
2019-01-26 , 13.0 , 46.0 , 0.151409926 , 0.0069648565959999995
2019-01-26 , 14.0 , 591.0 , 0.150416393 , 0.08889608826300001
2019-01-26 , 15.0 , 237.0 , 0.149513023 , 0.035434586451
2019-01-26 , 16.0 , 78.0 , 0.146386946 , 0.011418181788
2019-01-26 , 17.0 , 150.0 , 0.149758267 , 0.02246374005
2019-01-26 , 18.0 , 110.0 , 0.154043247 , 0.016944757169999998
2019-01-26 , 19.0 , 157.0 , 0.154285056 , 0.024222753792
2019-01-26 , 20.0 , 569.0 , 0.154422302 , 0.087866289838
2019-01-26 , 21.0 , 593.0 , 0.152856365 , 0.09064382444499999
2019-01-26 , 22.0 , 45.0 , 0.077887694 , 0.0035049462299999996
2019-01-26 , 23.0 , 40.0 , 0.07116266 , 0.0028465064

2019-01-27 , 0.0 , 73.0 , 0.075298762 , 0.005496809626
2019-01-27 , 1.0 , 62.0 , 0.065781496 , 0.004078452751999999
2019-01-27 , 2.0 , 52.0 , 0.062073924 , 0.003227844048
2019-01-27 , 3.0 , 43.0 , 0.04853398 , 0.00208696114
2019-01-27 , 4.0 , 47.0 , 0.041903426 , 0.001969461022
2019-01-27 , 5.0 , 48.0 , 0.041001628 , 0.001968078144
2019-01-27 , 6.0 , 384.0 , 0.035183734 , 0.013510553856000002
2019-01-27 , 7.0 , 116.0 , 0.044549558 , 0.005167748728
2019-01-27 , 8.0 , 46.0 , 0.049421388 , 0.002273383848
2019-01-27 , 9.0 , 44.0 , 0.058479339 , 0.002573090916
2019-01-27 , 10.0 , 281.0 , 0.060795751 , 0.017083606031000002
2019-01-27 , 11.0 , 1022.0 , 0.063282884 , 0.064675107448
2019-01-27 , 12.0 , 137.0 , 0.130674047 , 0.017902344438999997
2019-01-27 , 13.0 , 174.0 , 0.126424918 , 0.021997935732
2019-01-27 , 14.0 , 487.0 , 0.124217879 , 0.060494107073
2019-01-27 , 15.0 , 1318.0 , 0.124202984 , 0.16369953291199998
2019-01-27 , 16.0 , 936.0 , 0.125198998 , 0.11718626212800001
2019-01-27 , 17.0 , 640.0 , 0.131194723 , 0.08396462272
2019-01-27 , 18.0 , 228.0 , 0.137494402 , 0.031348723656
2019-01-27 , 19.0 , 885.0 , 0.144029612 , 0.12746620662
2019-01-27 , 20.0 , 684.0 , 0.147210702 , 0.100692120168
2019-01-27 , 21.0 , 609.0 , 0.149852132 , 0.091259948388
2019-01-27 , 22.0 , 652.0 , 0.077520587 , 0.050543422724
2019-01-27 , 23.0 , 512.0 , 0.068828567 , 0.035240226304

2019-01-28 , 0.0 , 129.0 , 0.063311212 , 0.008167146348
2019-01-28 , 1.0 , 53.0 , 0.058671159 , 0.0031095714270000002
2019-01-28 , 2.0 , 42.0 , 0.057353171 , 0.002408833182
2019-01-28 , 3.0 , 47.0 , 0.0549152 , 0.0025810144
2019-01-28 , 4.0 , 47.0 , 0.055070007 , 0.002588290329
2019-01-28 , 5.0 , 77.0 , 0.059009894 , 0.004543761838
2019-01-28 , 6.0 , 952.0 , 0.0657349 , 0.0625796248
2019-01-28 , 7.0 , 253.0 , 0.081958528 , 0.020735507584
2019-01-28 , 8.0 , 165.0 , 0.08103945 , 0.013371509249999998
2019-01-28 , 9.0 , 192.0 , 0.080484909 , 0.015453102528
2019-01-28 , 10.0 , 49.0 , 0.07888681 , 0.0038654536900000003
2019-01-28 , 11.0 , 45.0 , 0.071537305 , 0.0032191787249999998
2019-01-28 , 12.0 , 46.0 , 0.13927432 , 0.00640661872
2019-01-28 , 13.0 , 41.0 , 0.135872888 , 0.005570788408
2019-01-28 , 14.0 , 41.0 , 0.133144743 , 0.005458934463000001
2019-01-28 , 15.0 , 477.0 , 0.132657183 , 0.063277476291
2019-01-28 , 16.0 , 51.0 , 0.135434727 , 0.006907171077
2019-01-28 , 17.0 , 43.0 , 0.144692958 , 0.006221797194
2019-01-28 , 18.0 , 41.0 , 0.151641429 , 0.006217298588999999
2019-01-28 , 19.0 , 38.0 , 0.156062143 , 0.005930361434
2019-01-28 , 20.0 , 37.0 , 0.154873457 , 0.005730317909
2019-01-28 , 21.0 , 41.0 , 0.151918387 , 0.006228653866999999
2019-01-28 , 22.0 , 506.0 , 0.081576378 , 0.041277647268000005
2019-01-28 , 23.0 , 540.0 , 0.074078758 , 0.040002529319999994

2019-01-29 , 0.0 , 220.0 , 0.072868979 , 0.016031175380000002
2019-01-29 , 1.0 , 49.0 , 0.067378762 , 0.003301559338
2019-01-29 , 2.0 , 39.0 , 0.067085376 , 0.002616329664
2019-01-29 , 3.0 , 45.0 , 0.064453075 , 0.002900388375
2019-01-29 , 4.0 , 46.0 , 0.062833895 , 0.00289035917
2019-01-29 , 5.0 , 45.0 , 0.066566009 , 0.0029954704049999998
2019-01-29 , 6.0 , 81.0 , 0.074878449 , 0.006065154369
2019-01-29 , 7.0 , 200.0 , 0.084180774 , 0.0168361548
2019-01-29 , 8.0 , 44.0 , 0.083581066 , 0.003677566904
2019-01-29 , 9.0 , 654.0 , 0.083341169 , 0.054505124526
2019-01-29 , 10.0 , 553.0 , 0.082771402 , 0.045772585305999994
2019-01-29 , 11.0 , 634.0 , 0.081449686 , 0.051639100923999995
2019-01-29 , 12.0 , 45.0 , 0.147091263 , 0.006619106835
2019-01-29 , 13.0 , 43.0 , 0.144621311 , 0.006218716373000001
2019-01-29 , 14.0 , 42.0 , 0.138711127 , 0.005825867334
2019-01-29 , 15.0 , 41.0 , 0.138864392 , 0.005693440072000001
2019-01-29 , 16.0 , 42.0 , 0.141600917 , 0.005947238513999999
2019-01-29 , 17.0 , 41.0 , 0.146797826 , 0.006018710865999999
2019-01-29 , 18.0 , 41.0 , 0.148668638 , 0.006095414158
2019-01-29 , 19.0 , 41.0 , 0.151432253 , 0.006208722373
2019-01-29 , 20.0 , 40.0 , 0.1498573 , 0.005994292
2019-01-29 , 21.0 , 1539.0 , 0.144396244 , 0.222225819516
2019-01-29 , 22.0 , 649.0 , 0.075607214 , 0.049069081886
2019-01-29 , 23.0 , 137.0 , 0.068986018 , 0.009451084466

2019-01-30 , 0.0 , 56.0 , 0.064889034 , 0.003633785904
2019-01-30 , 1.0 , 49.0 , 0.062853753 , 0.003079833897
2019-01-30 , 2.0 , 43.0 , 0.061454295 , 0.0026425346849999996
2019-01-30 , 3.0 , 37.0 , 0.059404311 , 0.0021979595070000003
2019-01-30 , 4.0 , 35.0 , 0.059186639 , 0.002071532365
2019-01-30 , 5.0 , 44.0 , 0.062850439 , 0.0027654193159999995
2019-01-30 , 6.0 , 45.0 , 0.069177054 , 0.00311296743
2019-01-30 , 7.0 , 114.0 , 0.082347837 , 0.009387653417999998
2019-01-30 , 8.0 , 37.0 , 0.084313265 , 0.003119590805
2019-01-30 , 9.0 , 214.0 , 0.084185728 , 0.018015745792
2019-01-30 , 10.0 , 107.0 , 0.083281407 , 0.008911110549
2019-01-30 , 11.0 , 41.0 , 0.083224491 , 0.0034122041309999998
2019-01-30 , 12.0 , 42.0 , 0.147187409 , 0.0061818711779999995
2019-01-30 , 13.0 , 40.0 , 0.145361659 , 0.00581446636
2019-01-30 , 14.0 , 40.0 , 0.142171177 , 0.005686847080000001
2019-01-30 , 15.0 , 39.0 , 0.139488406 , 0.005440047834
2019-01-30 , 16.0 , 40.0 , 0.139143391 , 0.00556573564
2019-01-30 , 17.0 , 93.0 , 0.143379153 , 0.013334261229000001
2019-01-30 , 18.0 , 318.0 , 0.14675388 , 0.04666773384
2019-01-30 , 19.0 , 1714.0 , 0.149190709 , 0.255712875226
2019-01-30 , 20.0 , 1709.0 , 0.148885356 , 0.254445073404
2019-01-30 , 21.0 , 1151.0 , 0.144572551 , 0.166403006201
2019-01-30 , 22.0 , 145.0 , 0.073972314 , 0.010725985529999999
2019-01-30 , 23.0 , 470.0 , 0.06535732 , 0.0307179404

2019-01-31 , 0.0 , 52.0 , 0.065006762 , 0.003380351624
2019-01-31 , 1.0 , 45.0 , 0.064425873 , 0.002899164285
2019-01-31 , 2.0 , 43.0 , 0.062376063 , 0.0026821707090000004
2019-01-31 , 3.0 , 43.0 , 0.061418475 , 0.0026409944250000003
2019-01-31 , 4.0 , 43.0 , 0.060896463 , 0.002618547909
2019-01-31 , 5.0 , 43.0 , 0.061661325 , 0.002651436975
2019-01-31 , 6.0 , 44.0 , 0.064219326 , 0.002825650344
2019-01-31 , 7.0 , 114.0 , 0.070763927 , 0.008067087678
2019-01-31 , 8.0 , 260.0 , 0.079138169 , 0.020575923939999997
2019-01-31 , 9.0 , 689.0 , 0.079815392 , 0.054992805087999995
2019-01-31 , 10.0 , 640.0 , 0.079516741 , 0.05089071424
2019-01-31 , 11.0 , 65.0 , 0.078646187 , 0.005112002155000001
2019-01-31 , 12.0 , 44.0 , 0.143643113 , 0.006320296971999999
2019-01-31 , 13.0 , 43.0 , 0.141957473 , 0.006104171338999999
2019-01-31 , 14.0 , 113.0 , 0.136221766 , 0.015393059558
2019-01-31 , 15.0 , 58.0 , 0.136053136 , 0.007891081888
2019-01-31 , 16.0 , 55.0 , 0.137084768 , 0.00753966224
2019-01-31 , 17.0 , 48.0 , 0.140484703 , 0.006743265744
2019-01-31 , 18.0 , 52.0 , 0.147046465 , 0.007646416179999999
2019-01-31 , 19.0 , 101.0 , 0.149315851 , 0.015080900951
2019-01-31 , 20.0 , 402.0 , 0.14348085 , 0.0576793017
2019-01-31 , 21.0 , 1781.0 , 0.135820397 , 0.24189612705700003
2019-01-31 , 22.0 , 1343.0 , 0.067728494 , 0.090959367442
2019-01-31 , 23.0 , 1323.0 , 0.065330747 , 0.086432578281
